// txid, userName, cancelReason, endTime
0,name4,User cancellation.,2021-11-03T19:11:52.407042300
2,name4,User cancellation.,2021-11-03T19:16:28.319943500
4,Anonymous,Test,2021-11-03T19:19:26.343202200
7,Anonymous,Test,2021-11-03T19:19:26.349186600
17,Anonymous,Test,2021-11-03T19:19:26.368136900
26,Anonymous,Test,2021-11-03T19:19:26.382099100
30,Anonymous,Test,2021-11-03T19:19:26.389078800
36,Anonymous,Test,2021-11-03T19:19:26.403042300
39,Anonymous,Test,2021-11-03T19:19:26.408030100
47,Anonymous,Test,2021-11-03T19:20:10.501056100
50,Anonymous,Test,2021-11-03T19:20:10.510032500
60,Anonymous,Test,2021-11-03T19:20:10.532970900
69,Anonymous,Test,2021-11-03T19:20:10.552917100
73,Anonymous,Test,2021-11-03T19:20:10.560895500
79,Anonymous,Test,2021-11-03T19:20:10.575855800
82,Anonymous,Test,2021-11-03T19:20:10.580842500
